标题,文章发布时间,文章地址
全民反诈 | 天河区打击治理电信网络诈骗工作情况一周通报（10月31日至11月6日）,2022-11-14 17:03:42,http://mp.weixin.qq.com/s?__biz=MzA3MDU5MTMzMQ==&mid=2447861140&idx=3&sn=f9acbf98b46c502dc8918b5bed80ff29&chksm=8b29b398bc5e3a8ea00cf2f6e016981a2720902d44a140e53914efb3506bf62a3e714df4bc2f#rd
全民反诈 | 天河区打击治理电信网络诈骗工作情况一周通报（9月26日至10月2日）,2022-10-08 17:02:26,http://mp.weixin.qq.com/s?__biz=MzA3MDU5MTMzMQ==&mid=2447860790&idx=3&sn=3407296df851958e165e54eacf6b27e7&chksm=8b29b23abc5e3b2c2ca88509a70edb0b4d611254b7e9540f4e766265ec6756461bebf53a5b01#rd
全民反诈 | 天河区打击治理电信网络诈骗工作情况一周通报（8月29日至9月4日）,2022-09-07 17:11:34,http://mp.weixin.qq.com/s?__biz=MzA3MDU5MTMzMQ==&mid=2447860550&idx=5&sn=fbf20eec2d6de7fb560dfd167b136355&chksm=8b29b54abc5e3c5c067d10d8dfd7bf1ebe5420566e61afb25e9ad76f7c216a0daa60fb3c1c06#rd
全民反诈 | 天河区打击治理电信网络诈骗工作情况一周通报（8月15日至8月21日）,2022-08-30 17:02:59,http://mp.weixin.qq.com/s?__biz=MzA3MDU5MTMzMQ==&mid=2447860489&idx=2&sn=a18f78dd626844eeb6d81ffd5887c708&chksm=8b29b505bc5e3c136c4ba336ee17bf50fd0dc54852aa49d4c6c6696a7aeedf1d39600dbc3f70#rd
天河区打击治理电信网络诈骗工作情况一周通报（8月8日至8月14日）,2022-08-22 18:21:10,http://mp.weixin.qq.com/s?__biz=MzA3MDU5MTMzMQ==&mid=2447860458&idx=3&sn=a1b1ac9e1e6946d0ef6d60d67556f3a7&chksm=8b29b4e6bc5e3df09de8c2d78d693994ab13a289103772374c45e0afa1e94aa7fcc966f57469#rd
天河区打击治理电信网络诈骗工作情况一周通报（8月1日至8月7日）,2022-08-15 18:05:23,http://mp.weixin.qq.com/s?__biz=MzA3MDU5MTMzMQ==&mid=2447860420&idx=4&sn=df1f05057f52f70f050b4725dc02feea&chksm=8b29b4c8bc5e3ddeb0aa36fc0ed2851b39e3459059443100b99993c1f272dcf6379901584e9c#rd
天河区打击治理电信网络诈骗工作情况一周通报（7月25日至7月31日）,2022-08-05 17:03:25,http://mp.weixin.qq.com/s?__biz=MzA3MDU5MTMzMQ==&mid=2447860248&idx=4&sn=680f1af1d0662d6ff76905d854552ca9&chksm=8b29b414bc5e3d0297acbb75b0870eae1db738ea43da5ee0f5d3ff8b5acedf54eca0e8bf40e7#rd
天河区打击治理电信网络诈骗工作情况一周通报（7月11日至7月17日）,2022-07-25 18:04:01,http://mp.weixin.qq.com/s?__biz=MzA3MDU5MTMzMQ==&mid=2447860133&idx=3&sn=7de51167b1901bf1962f15e027a02a43&chksm=8b29b7a9bc5e3ebf1cda98d90c207b8cd25489007319d4cf1bc7d364e13e350879892acdd6a4#rd
天河区打击治理电信网络诈骗工作情况一周通报（7月4日至7月10日）,2022-07-15 17:11:55,http://mp.weixin.qq.com/s?__biz=MzA3MDU5MTMzMQ==&mid=2447860036&idx=4&sn=6266220ce131f1b6f9a3d2be8e8033d4&chksm=8b29b748bc5e3e5e99f5a6ee578b148dc62b2d3c541bb7b998888c9fd5eeeaf125f448d15328#rd
天河区打击治理电信网络诈骗工作情况一周通报（6月27日至7月3日）,2022-07-08 17:01:30,http://mp.weixin.qq.com/s?__biz=MzA3MDU5MTMzMQ==&mid=2447859946&idx=3&sn=2a570e05857c6c3be3d4630916ab4de0&chksm=8b29b6e6bc5e3ff04f88a3dbec6d702da385753c6d44deb3e188e825e32f12fa259d8a6d0d0f#rd
天河区打击治理电信网络诈骗工作情况一周通报（6月20日至6月26日）,2022-06-29 16:47:09,http://mp.weixin.qq.com/s?__biz=MzA3MDU5MTMzMQ==&mid=2447859894&idx=2&sn=07be6eede29cd9a947974a72236e412d&chksm=8b29b6babc5e3faceb6ca138e976786d315ba11d995648f1c311199283be54388cd01fdfbd8c#rd
天河区打击治理电信网络诈骗工作情况一周通报（6月13日至6月19日）,2022-06-24 17:14:27,http://mp.weixin.qq.com/s?__biz=MzA3MDU5MTMzMQ==&mid=2447859808&idx=4&sn=f9e2dd620f85cbd74274f8a4ce920481&chksm=8b29b66cbc5e3f7ad8538f8b5e5240b5f67c8ac9b559f0fefacc6bace0b9c8f80321bdcc0038#rd
天河区打击治理电信网络诈骗工作情况一周通报（6月6日至6月12日）,2022-06-17 17:00:56,http://mp.weixin.qq.com/s?__biz=MzA3MDU5MTMzMQ==&mid=2447859707&idx=2&sn=2354ed2acf3054ad1e6203f97d4cda60&chksm=8b2989f7bc5e00e1bef02919ff8bebe8a75a6446d5cfea4d997cb210bb230b2c7aa472c5c92b#rd
天河区打击治理电信网络诈骗工作情况一周通报（5月16日至5月22日）,2022-05-31 17:53:42,http://mp.weixin.qq.com/s?__biz=MzA3MDU5MTMzMQ==&mid=2447859502&idx=5&sn=0c3eb54902763bf2683c59b886407054&chksm=8b298922bc5e0034894b9c5cf66300f8fdaee575186ec92509e9611e77a9bbf94e4daa215ec6#rd
天河区打击治理电信网络诈骗工作情况一周通报（2022年5月9日至2022年5月15日）,2022-05-20 17:03:55,http://mp.weixin.qq.com/s?__biz=MzA3MDU5MTMzMQ==&mid=2447859453&idx=5&sn=59d6ae0a2f8a5b69fa5fe165831e729c&chksm=8b2988f1bc5e01e70ba65141102228c1e5f8f78256dbf04b8b6c9d58972658b9e86e2d03f8fc#rd
全民反诈 | 天河区打击治理电信网络诈骗工作情况一周通报（5月2日至5月8日）,2022-05-15 12:31:17,http://mp.weixin.qq.com/s?__biz=MzA3MDU5MTMzMQ==&mid=2447859379&idx=5&sn=96abb06ea75af8da456cfff94be46f4c&chksm=8b2988bfbc5e01a92043431c18a9b58c8d67ff16f9290ac3639c569523230f59af0324b4906b#rd
全民反诈 | 天河区打击治理电信网络诈骗工作情况一周通报（4月25日至5月1日）,2022-05-07 17:00:00,http://mp.weixin.qq.com/s?__biz=MzA3MDU5MTMzMQ==&mid=2447859254&idx=3&sn=160045796894893045d89774b97988e7&chksm=8b29883abc5e012ce394e8dc8cb2f892200b523edbfc2e18f76eb64552a80ad1aa698633e9d3#rd
全民反诈 | 天河区打击治理电信网络诈骗工作情况一周通报（4月18日至4月24日）,2022-04-27 15:32:44,http://mp.weixin.qq.com/s?__biz=MzA3MDU5MTMzMQ==&mid=2447859165&idx=3&sn=76eaa38e8b57caa8f3ee756a46d2c1d2&chksm=8b298bd1bc5e02c7fa22e61c75ae8fed1a6bce6729b34dd4eed0b07bf153fad74bea2f0c2d75#rd
全民反诈 | 天河区打击治理电信网络诈骗工作情况一周通报（4月4日至4月10日）,2022-04-15 16:55:47,http://mp.weixin.qq.com/s?__biz=MzA3MDU5MTMzMQ==&mid=2447859020&idx=5&sn=ee5df8e92a342e3fb80d51f154bee8a0&chksm=8b298b40bc5e0256e0eeec122545f88f212c2ba65d412e56934ddc61f0a703e1efe0ba11f808#rd
全民反诈 | 天河区打击治理电信网络诈骗工作情况一周通报（3月21日至3月27日）,2022-04-01 17:22:27,http://mp.weixin.qq.com/s?__biz=MzA3MDU5MTMzMQ==&mid=2447858911&idx=3&sn=3e57a03802d3c9a964abc1b8a8d320b2&chksm=8b298ad3bc5e03c5ca9b3dc9583cf220f22c602ccf2986261e47a8d30823f75a6b379fc94d3c#rd
全民反诈 | 天河区打击治理电信网络诈骗工作情况一周通报（3月14日至3月20日）,2022-03-25 18:03:09,http://mp.weixin.qq.com/s?__biz=MzA3MDU5MTMzMQ==&mid=2447858829&idx=3&sn=068df253f3c09d56b9d2a4f73782bd6f&chksm=8b298a81bc5e03973c122837ed457e24b6ec01dd95e98259dc2da86332a3123479f5974540f4#rd
全民反诈 | 天河区打击治理电信网络诈骗工作情况一周通报（3月7日至3月13日）,2022-03-18 17:04:21,http://mp.weixin.qq.com/s?__biz=MzA3MDU5MTMzMQ==&mid=2447858808&idx=4&sn=214333fb9ec6f54b3c8b3a0d0f6a94b6&chksm=8b298a74bc5e0362767da9dfc6d1ff64206a706e852faf62e9ac3d99edede92d8232406c043e#rd
全民反诈 | 天河区打击治理电信网络诈骗工作情况一周通报（2022年2月21日至2022年2月27日）,2022-03-04 17:16:52,http://mp.weixin.qq.com/s?__biz=MzA3MDU5MTMzMQ==&mid=2447858251&idx=2&sn=b282279e7596aac8a9c7240322a51512&chksm=8b298c47bc5e05513ea46e07333bf060b02ddb120b2b7742671465d8229eb40283e931dfa9f0#rd
全民反诈 | 天河区打击治理电信网络诈骗工作情况一周通报（2022年2月14日至2022年2月20日）,2022-02-24 17:12:04,http://mp.weixin.qq.com/s?__biz=MzA3MDU5MTMzMQ==&mid=2447858210&idx=3&sn=4d13c0b1663ab5be7d336572f6004918&chksm=8b298c2ebc5e0538207ede433ea78754769a8ae8a8b2ee083a4bbfdf01f10514cf396c8d927b#rd
全民反诈 | 天河区打击治理电信网络诈骗工作情况一周通报（2022年2月7日至2022年2月13日）,2022-02-18 17:01:10,http://mp.weixin.qq.com/s?__biz=MzA3MDU5MTMzMQ==&mid=2447858156&idx=2&sn=e513d51ce14fc9ca3a12cafb4f8395ec&chksm=8b298fe0bc5e06f64e85ecdd51efb8960d828434606b85d885e3ee0160b3e293b58a886dcf07#rd
全民反诈 | 天河区打击治理电信网络诈骗工作情况一周通报（2022年1月31日至2022年2月6日）,2022-02-10 16:04:02,http://mp.weixin.qq.com/s?__biz=MzA3MDU5MTMzMQ==&mid=2447858098&idx=4&sn=5c040f56ece932ed7cc113f1e84a9c54&chksm=8b298fbebc5e06a86b885a7f6b6c49ac2545e59407222a71110cca6cc703c6f598c0bdceb404#rd
全民反诈 | 天河区打击治理电信网络诈骗工作情况一周通报（2022年1月10日至2022年1月16日）,2022-01-21 17:22:27,http://mp.weixin.qq.com/s?__biz=MzA3MDU5MTMzMQ==&mid=2447857998&idx=3&sn=fb6eac1a7406d846d2bff804d1daceea&chksm=8b298f42bc5e0654d3976a754fd25cc2f5729721d96e2aa8669be8c09b54b2ffc1e9c424d5ae#rd
全民反诈 | 天河区打击治理电信网络诈骗工作情况一周通报（2021年12月27日至2022年1月2日）,2022-01-07 17:11:50,http://mp.weixin.qq.com/s?__biz=MzA3MDU5MTMzMQ==&mid=2447857907&idx=2&sn=0352cb4636c7645fbe6ed7e6726b8f7f&chksm=8b298effbc5e07e9141680a46a8535dec95652a8d80b63042a57c55fca93a4d463e683c8c52d#rd
